"report_date","location","location_type","data_field","data_field_code","time_period","time_period_type","value","unit"
"2016-02-13","Brazil-Alagoas","state","microcephaly_confirmed","BR0002",NA,NA,"25","cases"
"2016-02-13","Brazil-Amapa","state","microcephaly_confirmed","BR0002",NA,NA,NA,"cases"
"2016-02-13","Brazil-Amazonas","state","microcephaly_confirmed","BR0002",NA,NA,NA,"cases"
"2016-02-13","Brazil-Bahia","state","microcephaly_confirmed","BR0002",NA,NA,"107","cases"
"2016-02-13","Brazil-Ceara","state","microcephaly_confirmed","BR0002",NA,NA,"24","cases"
"2016-02-13","Brazil-Espirito_Santo","state","microcephaly_confirmed","BR0002",NA,NA,"3","cases"
"2016-02-13","Brazil-Goias","state","microcephaly_confirmed","BR0002",NA,NA,"6","cases"
"2016-02-13","Brazil-Mato_Grosso_do_Sul","state","microcephaly_confirmed","BR0002",NA,NA,"1","cases"
"2016-02-13","Brazil-Para","state","microcephaly_confirmed","BR0002",NA,NA,"1","cases"
"2016-02-13","Brazil-Paraiba","state","microcephaly_confirmed","BR0002",NA,NA,"56","cases"
"2016-02-13","Brazil-Pernambuco","state","microcephaly_confirmed","BR0002",NA,NA,"182","cases"
"2016-02-13","Brazil-Piaui","state","microcephaly_confirmed","BR0002",NA,NA,"30","cases"
"2016-02-13","Brazil-Rio_Grande_do_Norte","state","microcephaly_confirmed","BR0002",NA,NA,"70","cases"
"2016-02-13","Brazil-Rio_Grande_do_Sul","state","microcephaly_confirmed","BR0002",NA,NA,"1","cases"
"2016-02-13","Brazil-Rio_de_Janeiro","state","microcephaly_confirmed","BR0002",NA,NA,"2","cases"
"2016-02-13","Brazil-Alagoas","state","microcephaly_fatal_confirmed","BR0006",NA,NA,"2","cases"
"2016-02-13","Brazil-Ceara","state","microcephaly_fatal_confirmed","BR0006",NA,NA,"9","cases"
"2016-02-13","Brazil-Paraiba","state","microcephaly_fatal_confirmed","BR0006",NA,NA,"3","cases"
"2016-02-13","Brazil-Piaui","state","microcephaly_fatal_confirmed","BR0006",NA,NA,"3","cases"
"2016-02-13","Brazil-Rio_Grande_do_Norte","state","microcephaly_fatal_confirmed","BR0006",NA,NA,"10","cases"
"2016-02-20","Brazil-Alagoas","state","microcephaly_confirmed","BR0002",NA,NA,"25","cases"
"2016-02-20","Brazil-Amapa","state","microcephaly_confirmed","BR0002",NA,NA,NA,"cases"
"2016-02-20","Brazil-Amazonas","state","microcephaly_confirmed","BR0002",NA,NA,NA,"cases"
"2016-02-20","Brazil-Bahia","state","microcephaly_confirmed","BR0002",NA,NA,"120","cases"
"2016-02-20","Brazil-Ceara","state","microcephaly_confirmed","BR0002",NA,NA,"33","cases"
"2016-02-20","Brazil-Espirito_Santo","state","microcephaly_confirmed","BR0002",NA,NA,"3","cases"
"2016-02-20","Brazil-Goias","state","microcephaly_confirmed","BR0002",NA,NA,"6","cases"
"2016-02-20","Brazil-Maranhao","state","microcephaly_confirmed","BR0002",NA,NA,"14","cases"
"2016-02-20","Brazil-Mato_Grosso_do_Sul","state","microcephaly_confirmed","BR0002",NA,NA,"1","cases"
"2016-02-20","Brazil-Para","state","microcephaly_confirmed","BR0002",NA,NA,"1","cases"
"2016-02-20","Brazil-Paraiba","state","microcephaly_confirmed","BR0002",NA,NA,"59","cases"
"2016-02-20","Brazil-Pernambuco","state","microcephaly_confirmed","BR0002",NA,NA,"209","cases"
"2016-02-20","Brazil-Piaui","state","microcephaly_confirmed","BR0002",NA,NA,"32","cases"
"2016-02-20","Brazil-Rio_Grande_do_Norte","state","microcephaly_confirmed","BR0002",NA,NA,"76","cases"
"2016-02-20","Brazil-Rio_Grande_do_Sul","state","microcephaly_confirmed","BR0002",NA,NA,"1","cases"
"2016-02-20","Brazil-Rio_de_Janeiro","state","microcephaly_confirmed","BR0002",NA,NA,"2","cases"
"2016-02-20","Brazil-Rondonia","state","microcephaly_confirmed","BR0002",NA,NA,"1","cases"
"2016-02-20","Brazil-Alagoas","state","microcephaly_fatal_confirmed","BR0006",NA,NA,"2","cases"
"2016-02-20","Brazil-Ceara","state","microcephaly_fatal_confirmed","BR0006",NA,NA,"10","cases"
"2016-02-20","Brazil-Paraiba","state","microcephaly_fatal_confirmed","BR0006",NA,NA,"5","cases"
"2016-02-20","Brazil-Piaui","state","microcephaly_fatal_confirmed","BR0006",NA,NA,"3","cases"
"2016-02-20","Brazil-Rio_Grande_do_Norte","state","microcephaly_fatal_confirmed","BR0006",NA,NA,"10","cases"
"2016-02-27","Brazil-Alagoas","state","microcephaly_confirmed","BR0002",NA,NA,"30","cases"
"2016-02-27","Brazil-Amapa","state","microcephaly_confirmed","BR0002",NA,NA,NA,"cases"
"2016-02-27","Brazil-Bahia","state","microcephaly_confirmed","BR0002",NA,NA,"136","cases"
"2016-02-27","Brazil-Ceara","state","microcephaly_confirmed","BR0002",NA,NA,"33","cases"
"2016-02-27","Brazil-Espirito_Santo","state","microcephaly_confirmed","BR0002",NA,NA,"3","cases"
"2016-02-27","Brazil-Goias","state","microcephaly_confirmed","BR0002",NA,NA,"6","cases"
"2016-02-27","Brazil-Maranhao","state","microcephaly_confirmed","BR0002",NA,NA,"25","cases"
"2016-02-27","Brazil-Mato_Grosso_do_Sul","state","microcephaly_confirmed","BR0002",NA,NA,"1","cases"
"2016-02-27","Brazil-Para","state","microcephaly_confirmed","BR0002",NA,NA,"1","cases"
"2016-02-27","Brazil-Paraiba","state","microcephaly_confirmed","BR0002",NA,NA,"63","cases"
"2016-02-27","Brazil-Pernambuco","state","microcephaly_confirmed","BR0002",NA,NA,"215","cases"
"2016-02-27","Brazil-Piaui","state","microcephaly_confirmed","BR0002",NA,NA,"46","cases"
"2016-02-27","Brazil-Rio_Grande_do_Norte","state","microcephaly_confirmed","BR0002",NA,NA,"77","cases"
"2016-02-27","Brazil-Rio_Grande_do_Sul","state","microcephaly_confirmed","BR0002",NA,NA,"1","cases"
"2016-02-27","Brazil-Rio_de_Janeiro","state","microcephaly_confirmed","BR0002",NA,NA,"2","cases"
"2016-02-27","Brazil-Rondonia","state","microcephaly_confirmed","BR0002",NA,NA,"2","cases"
"2016-02-27","Brazil-Alagoas","state","microcephaly_fatal_confirmed","BR0006",NA,NA,"2","cases"
"2016-02-27","Brazil-Ceara","state","microcephaly_fatal_confirmed","BR0006",NA,NA,"11","cases"
"2016-02-27","Brazil-Paraiba","state","microcephaly_fatal_confirmed","BR0006",NA,NA,"5","cases"
"2016-02-27","Brazil-Piaui","state","microcephaly_fatal_confirmed","BR0006",NA,NA,"3","cases"
"2016-02-27","Brazil-Rio_Grande_do_Norte","state","microcephaly_fatal_confirmed","BR0006",NA,NA,"10","cases"
"2016-03-05","Brazil-Alagoas","state","microcephaly_confirmed","BR0002",NA,NA,"30","cases"
"2016-03-05","Brazil-Amapa","state","microcephaly_confirmed","BR0002",NA,NA,NA,"cases"
"2016-03-05","Brazil-Bahia","state","microcephaly_confirmed","BR0002",NA,NA,"156","cases"
"2016-03-05","Brazil-Ceara","state","microcephaly_confirmed","BR0002",NA,NA,"41","cases"
"2016-03-05","Brazil-Espirito_Santo","state","microcephaly_confirmed","BR0002",NA,NA,"3","cases"
"2016-03-05","Brazil-Goias","state","microcephaly_confirmed","BR0002",NA,NA,"6","cases"
"2016-03-05","Brazil-Maranhao","state","microcephaly_confirmed","BR0002",NA,NA,"32","cases"
"2016-03-05","Brazil-Mato_Grosso","state","microcephaly_confirmed","BR0002",NA,NA,"3","cases"
"2016-03-05","Brazil-Mato_Grosso_do_Sul","state","microcephaly_confirmed","BR0002",NA,NA,"1","cases"
"2016-03-05","Brazil-Minas_Gerais","state","microcephaly_confirmed","BR0002",NA,NA,"1","cases"
"2016-03-05","Brazil-Para","state","microcephaly_confirmed","BR0002",NA,NA,"1","cases"
"2016-03-05","Brazil-Paraiba","state","microcephaly_confirmed","BR0002",NA,NA,"71","cases"
"2016-03-05","Brazil-Pernambuco","state","microcephaly_confirmed","BR0002",NA,NA,"241","cases"
"2016-03-05","Brazil-Piaui","state","microcephaly_confirmed","BR0002",NA,NA,"50","cases"
"2016-03-05","Brazil-Rio_Grande_do_Norte","state","microcephaly_confirmed","BR0002",NA,NA,"78","cases"
"2016-03-05","Brazil-Rio_Grande_do_Sul","state","microcephaly_confirmed","BR0002",NA,NA,"1","cases"
"2016-03-05","Brazil-Rio_de_Janeiro","state","microcephaly_confirmed","BR0002",NA,NA,"2","cases"
"2016-03-05","Brazil-Rondonia","state","microcephaly_confirmed","BR0002",NA,NA,"2","cases"
"2016-03-05","Brazil-Sergipe","state","microcephaly_confirmed","BR0002",NA,NA,"26","cases"
"2016-03-05","Brazil-Alagoas","state","microcephaly_fatal_confirmed","BR0006",NA,NA,"2","cases"
"2016-03-05","Brazil-Ceara","state","microcephaly_fatal_confirmed","BR0006",NA,NA,"11","cases"
"2016-03-05","Brazil-Minas_Gerais","state","microcephaly_fatal_confirmed","BR0006",NA,NA,"1","cases"
"2016-03-05","Brazil-Paraiba","state","microcephaly_fatal_confirmed","BR0006",NA,NA,"6","cases"
"2016-03-05","Brazil-Pernambuco","state","microcephaly_fatal_confirmed","BR0006",NA,NA,"1","cases"
"2016-03-05","Brazil-Piaui","state","microcephaly_fatal_confirmed","BR0006",NA,NA,"3","cases"
"2016-03-05","Brazil-Rio_Grande_do_Norte","state","microcephaly_fatal_confirmed","BR0006",NA,NA,"10","cases"
"2016-03-05","Brazil-Sergipe","state","microcephaly_fatal_confirmed","BR0006",NA,NA,"3","cases"
"2016-03-12","Brazil-Alagoas","state","microcephaly_confirmed","BR0002",NA,NA,"35","cases"
"2016-03-12","Brazil-Amapa","state","microcephaly_confirmed","BR0002",NA,NA,NA,"cases"
"2016-03-12","Brazil-Bahia","state","microcephaly_confirmed","BR0002",NA,NA,"200","cases"
"2016-03-12","Brazil-Ceara","state","microcephaly_confirmed","BR0002",NA,NA,"49","cases"
"2016-03-12","Brazil-Distrito_Federal","state","microcephaly_confirmed","BR0002",NA,NA,"2","cases"
"2016-03-12","Brazil-Espirito_Santo","state","microcephaly_confirmed","BR0002",NA,NA,"3","cases"
"2016-03-12","Brazil-Goias","state","microcephaly_confirmed","BR0002",NA,NA,"7","cases"
"2016-03-12","Brazil-Maranhao","state","microcephaly_confirmed","BR0002",NA,NA,"43","cases"
"2016-03-12","Brazil-Mato_Grosso","state","microcephaly_confirmed","BR0002",NA,NA,"3","cases"
"2016-03-12","Brazil-Mato_Grosso_do_Sul","state","microcephaly_confirmed","BR0002",NA,NA,"2","cases"
"2016-03-12","Brazil-Minas_Gerais","state","microcephaly_confirmed","BR0002",NA,NA,"1","cases"
"2016-03-12","Brazil-Para","state","microcephaly_confirmed","BR0002",NA,NA,"1","cases"
"2016-03-12","Brazil-Paraiba","state","microcephaly_confirmed","BR0002",NA,NA,"87","cases"
"2016-03-12","Brazil-Pernambuco","state","microcephaly_confirmed","BR0002",NA,NA,"256","cases"
"2016-03-12","Brazil-Piaui","state","microcephaly_confirmed","BR0002",NA,NA,"56","cases"
"2016-03-12","Brazil-Rio_Grande_do_Norte","state","microcephaly_confirmed","BR0002",NA,NA,"81","cases"
"2016-03-12","Brazil-Rio_Grande_do_Sul","state","microcephaly_confirmed","BR0002",NA,NA,"1","cases"
"2016-03-12","Brazil-Rio_de_Janeiro","state","microcephaly_confirmed","BR0002",NA,NA,"7","cases"
"2016-03-12","Brazil-Rondonia","state","microcephaly_confirmed","BR0002",NA,NA,"3","cases"
"2016-03-12","Brazil-Sergipe","state","microcephaly_confirmed","BR0002",NA,NA,"17","cases"
"2016-03-12","Brazil-Alagoas","state","microcephaly_fatal_confirmed","BR0006",NA,NA,"3","cases"
"2016-03-12","Brazil-Ceara","state","microcephaly_fatal_confirmed","BR0006",NA,NA,"11","cases"
"2016-03-12","Brazil-Minas_Gerais","state","microcephaly_fatal_confirmed","BR0006",NA,NA,"1","cases"
"2016-03-12","Brazil-Paraiba","state","microcephaly_fatal_confirmed","BR0006",NA,NA,"7","cases"
"2016-03-12","Brazil-Pernambuco","state","microcephaly_fatal_confirmed","BR0006",NA,NA,"1","cases"
"2016-03-12","Brazil-Piaui","state","microcephaly_fatal_confirmed","BR0006",NA,NA,"3","cases"
"2016-03-12","Brazil-Rio_Grande_do_Norte","state","microcephaly_fatal_confirmed","BR0006",NA,NA,"10","cases"
"2016-03-12","Brazil-Rio_de_Janeiro","state","microcephaly_fatal_confirmed","BR0006",NA,NA,"1","cases"
"2016-03-12","Brazil-Sergipe","state","microcephaly_fatal_confirmed","BR0006",NA,NA,"3","cases"
"2016-03-19","Brazil-Alagoas","state","microcephaly_confirmed","BR0002",NA,NA,"41","cases"
"2016-03-19","Brazil-Amapa","state","microcephaly_confirmed","BR0002",NA,NA,NA,"cases"
"2016-03-19","Brazil-Bahia","state","microcephaly_confirmed","BR0002",NA,NA,"170","cases"
"2016-03-19","Brazil-Ceara","state","microcephaly_confirmed","BR0002",NA,NA,"68","cases"
"2016-03-19","Brazil-Distrito_Federal","state","microcephaly_confirmed","BR0002",NA,NA,"3","cases"
"2016-03-19","Brazil-Espirito_Santo","state","microcephaly_confirmed","BR0002",NA,NA,"4","cases"
"2016-03-19","Brazil-Goias","state","microcephaly_confirmed","BR0002",NA,NA,"9","cases"
"2016-03-19","Brazil-Maranhao","state","microcephaly_confirmed","BR0002",NA,NA,"53","cases"
"2016-03-19","Brazil-Mato_Grosso","state","microcephaly_confirmed","BR0002",NA,NA,"13","cases"
"2016-03-19","Brazil-Mato_Grosso_do_Sul","state","microcephaly_confirmed","BR0002",NA,NA,"2","cases"
"2016-03-19","Brazil-Minas_Gerais","state","microcephaly_confirmed","BR0002",NA,NA,"2","cases"
"2016-03-19","Brazil-Para","state","microcephaly_confirmed","BR0002",NA,NA,"1","cases"
"2016-03-19","Brazil-Paraiba","state","microcephaly_confirmed","BR0002",NA,NA,"91","cases"
"2016-03-19","Brazil-Pernambuco","state","microcephaly_confirmed","BR0002",NA,NA,"268","cases"
"2016-03-19","Brazil-Piaui","state","microcephaly_confirmed","BR0002",NA,NA,"62","cases"
"2016-03-19","Brazil-Rio_Grande_do_Norte","state","microcephaly_confirmed","BR0002",NA,NA,"81","cases"
"2016-03-19","Brazil-Rio_Grande_do_Sul","state","microcephaly_confirmed","BR0002",NA,NA,"1","cases"
"2016-03-19","Brazil-Rio_de_Janeiro","state","microcephaly_confirmed","BR0002",NA,NA,"9","cases"
"2016-03-19","Brazil-Rondonia","state","microcephaly_confirmed","BR0002",NA,NA,"3","cases"
"2016-03-19","Brazil-Sergipe","state","microcephaly_confirmed","BR0002",NA,NA,"26","cases"
"2016-03-19","Brazil-Alagoas","state","microcephaly_fatal_confirmed","BR0006",NA,NA,"3","cases"
"2016-03-19","Brazil-Ceara","state","microcephaly_fatal_confirmed","BR0006",NA,NA,"15","cases"
"2016-03-19","Brazil-Espirito_Santo","state","microcephaly_fatal_confirmed","BR0006",NA,NA,"1","cases"
"2016-03-19","Brazil-Minas_Gerais","state","microcephaly_fatal_confirmed","BR0006",NA,NA,"1","cases"
"2016-03-19","Brazil-Paraiba","state","microcephaly_fatal_confirmed","BR0006",NA,NA,"7","cases"
"2016-03-19","Brazil-Pernambuco","state","microcephaly_fatal_confirmed","BR0006",NA,NA,"3","cases"
"2016-03-19","Brazil-Piaui","state","microcephaly_fatal_confirmed","BR0006",NA,NA,"3","cases"
"2016-03-19","Brazil-Rio_Grande_do_Norte","state","microcephaly_fatal_confirmed","BR0006",NA,NA,"9","cases"
"2016-03-19","Brazil-Rio_de_Janeiro","state","microcephaly_fatal_confirmed","BR0006",NA,NA,"1","cases"
"2016-03-19","Brazil-Sergipe","state","microcephaly_fatal_confirmed","BR0006",NA,NA,"3","cases"
"2016-03-26","Brazil-Alagoas","state","microcephaly_confirmed","BR0002",NA,NA,"50","cases"
"2016-03-26","Brazil-Amapa","state","microcephaly_confirmed","BR0002",NA,NA,NA,"cases"
"2016-03-26","Brazil-Amazonas","state","microcephaly_confirmed","BR0002",NA,NA,"1","cases"
"2016-03-26","Brazil-Bahia","state","microcephaly_confirmed","BR0002",NA,NA,"176","cases"
"2016-03-26","Brazil-Ceara","state","microcephaly_confirmed","BR0002",NA,NA,"73","cases"
"2016-03-26","Brazil-Distrito_Federal","state","microcephaly_confirmed","BR0002",NA,NA,"3","cases"
"2016-03-26","Brazil-Espirito_Santo","state","microcephaly_confirmed","BR0002",NA,NA,"4","cases"
"2016-03-26","Brazil-Goias","state","microcephaly_confirmed","BR0002",NA,NA,"9","cases"
"2016-03-26","Brazil-Maranhao","state","microcephaly_confirmed","BR0002",NA,NA,"55","cases"
"2016-03-26","Brazil-Mato_Grosso","state","microcephaly_confirmed","BR0002",NA,NA,"13","cases"
"2016-03-26","Brazil-Mato_Grosso_do_Sul","state","microcephaly_confirmed","BR0002",NA,NA,"2","cases"
"2016-03-26","Brazil-Minas_Gerais","state","microcephaly_confirmed","BR0002",NA,NA,"2","cases"
"2016-03-26","Brazil-Para","state","microcephaly_confirmed","BR0002",NA,NA,"1","cases"
"2016-03-26","Brazil-Paraiba","state","microcephaly_confirmed","BR0002",NA,NA,"95","cases"
"2016-03-26","Brazil-Parana","state","microcephaly_confirmed","BR0002",NA,NA,"1","cases"
"2016-03-26","Brazil-Pernambuco","state","microcephaly_confirmed","BR0002",NA,NA,"273","cases"
"2016-03-26","Brazil-Piaui","state","microcephaly_confirmed","BR0002",NA,NA,"64","cases"
"2016-03-26","Brazil-Rio_Grande_do_Norte","state","microcephaly_confirmed","BR0002",NA,NA,"83","cases"
"2016-03-26","Brazil-Rio_Grande_do_Sul","state","microcephaly_confirmed","BR0002",NA,NA,"1","cases"
"2016-03-26","Brazil-Rio_de_Janeiro","state","microcephaly_confirmed","BR0002",NA,NA,"9","cases"
"2016-03-26","Brazil-Rondonia","state","microcephaly_confirmed","BR0002",NA,NA,"3","cases"
"2016-03-26","Brazil-Sergipe","state","microcephaly_confirmed","BR0002",NA,NA,"26","cases"
"2016-03-26","Brazil-Alagoas","state","microcephaly_fatal_confirmed","BR0006",NA,NA,"3","cases"
"2016-03-26","Brazil-Ceara","state","microcephaly_fatal_confirmed","BR0006",NA,NA,"15","cases"
"2016-03-26","Brazil-Espirito_Santo","state","microcephaly_fatal_confirmed","BR0006",NA,NA,"1","cases"
"2016-03-26","Brazil-Minas_Gerais","state","microcephaly_fatal_confirmed","BR0006",NA,NA,"1","cases"
"2016-03-26","Brazil-Paraiba","state","microcephaly_fatal_confirmed","BR0006",NA,NA,"8","cases"
"2016-03-26","Brazil-Pernambuco","state","microcephaly_fatal_confirmed","BR0006",NA,NA,"3","cases"
"2016-03-26","Brazil-Piaui","state","microcephaly_fatal_confirmed","BR0006",NA,NA,"3","cases"
"2016-03-26","Brazil-Rio_Grande_do_Norte","state","microcephaly_fatal_confirmed","BR0006",NA,NA,"9","cases"
"2016-03-26","Brazil-Rio_de_Janeiro","state","microcephaly_fatal_confirmed","BR0006",NA,NA,"1","cases"
"2016-03-26","Brazil-Sergipe","state","microcephaly_fatal_confirmed","BR0006",NA,NA,"3","cases"
"2016-04-02","Brazil-Acre","state","microcephaly_confirmed","BR0002",NA,NA,"1","cases"
"2016-04-02","Brazil-Alagoas","state","microcephaly_confirmed","BR0002",NA,NA,"52","cases"
"2016-04-02","Brazil-Amapa","state","microcephaly_confirmed","BR0002",NA,NA,"3","cases"
"2016-04-02","Brazil-Amazonas","state","microcephaly_confirmed","BR0002",NA,NA,"1","cases"
"2016-04-02","Brazil-Bahia","state","microcephaly_confirmed","BR0002",NA,NA,"194","cases"
"2016-04-02","Brazil-Ceara","state","microcephaly_confirmed","BR0002",NA,NA,"76","cases"
"2016-04-02","Brazil-Distrito_Federal","state","microcephaly_confirmed","BR0002",NA,NA,"4","cases"
"2016-04-02","Brazil-Espirito_Santo","state","microcephaly_confirmed","BR0002",NA,NA,"4","cases"
"2016-04-02","Brazil-Goias","state","microcephaly_confirmed","BR0002",NA,NA,"9","cases"
"2016-04-02","Brazil-Maranhao","state","microcephaly_confirmed","BR0002",NA,NA,"66","cases"
"2016-04-02","Brazil-Mato_Grosso","state","microcephaly_confirmed","BR0002",NA,NA,"14","cases"
"2016-04-02","Brazil-Mato_Grosso_do_Sul","state","microcephaly_confirmed","BR0002",NA,NA,"2","cases"
"2016-04-02","Brazil-Minas_Gerais","state","microcephaly_confirmed","BR0002",NA,NA,"2","cases"
"2016-04-02","Brazil-Para","state","microcephaly_confirmed","BR0002",NA,NA,"1","cases"
"2016-04-02","Brazil-Paraiba","state","microcephaly_confirmed","BR0002",NA,NA,"103","cases"
"2016-04-02","Brazil-Parana","state","microcephaly_confirmed","BR0002",NA,NA,"1","cases"
"2016-04-02","Brazil-Pernambuco","state","microcephaly_confirmed","BR0002",NA,NA,"303","cases"
"2016-04-02","Brazil-Piaui","state","microcephaly_confirmed","BR0002",NA,NA,"70","cases"
"2016-04-02","Brazil-Rio_Grande_do_Norte","state","microcephaly_confirmed","BR0002",NA,NA,"83","cases"
"2016-04-02","Brazil-Rio_Grande_do_Sul","state","microcephaly_confirmed","BR0002",NA,NA,"2","cases"
"2016-04-02","Brazil-Rio_de_Janeiro","state","microcephaly_confirmed","BR0002",NA,NA,"21","cases"
"2016-04-02","Brazil-Rondonia","state","microcephaly_confirmed","BR0002",NA,NA,"3","cases"
"2016-04-02","Brazil-Sergipe","state","microcephaly_confirmed","BR0002",NA,NA,"31","cases"
"2016-04-02","Brazil-Alagoas","state","microcephaly_fatal_confirmed","BR0006",NA,NA,"3","cases"
"2016-04-02","Brazil-Ceara","state","microcephaly_fatal_confirmed","BR0006",NA,NA,"15","cases"
"2016-04-02","Brazil-Distrito_Federal","state","microcephaly_fatal_confirmed","BR0006",NA,NA,"1","cases"
"2016-04-02","Brazil-Espirito_Santo","state","microcephaly_fatal_confirmed","BR0006",NA,NA,"1","cases"
"2016-04-02","Brazil-Mato_Grosso","state","microcephaly_fatal_confirmed","BR0006",NA,NA,"1","cases"
"2016-04-02","Brazil-Minas_Gerais","state","microcephaly_fatal_confirmed","BR0006",NA,NA,"1","cases"
"2016-04-02","Brazil-Paraiba","state","microcephaly_fatal_confirmed","BR0006",NA,NA,"8","cases"
"2016-04-02","Brazil-Pernambuco","state","microcephaly_fatal_confirmed","BR0006",NA,NA,"3","cases"
"2016-04-02","Brazil-Piaui","state","microcephaly_fatal_confirmed","BR0006",NA,NA,"3","cases"
"2016-04-02","Brazil-Rio_Grande_do_Norte","state","microcephaly_fatal_confirmed","BR0006",NA,NA,"11","cases"
"2016-04-02","Brazil-Rio_de_Janeiro","state","microcephaly_fatal_confirmed","BR0006",NA,NA,"1","cases"
"2016-04-02","Brazil-Sergipe","state","microcephaly_fatal_confirmed","BR0006",NA,NA,"3","cases"
"2016-04-09","Brazil-Alagoas","state","microcephaly_confirmed","BR0002",NA,NA,"55","cases"
"2016-04-09","Brazil-Amapa","state","microcephaly_confirmed","BR0002",NA,NA,"3","cases"
"2016-04-09","Brazil-Amazonas","state","microcephaly_confirmed","BR0002",NA,NA,"2","cases"
"2016-04-09","Brazil-Bahia","state","microcephaly_confirmed","BR0002",NA,NA,"203","cases"
"2016-04-09","Brazil-Ceara","state","microcephaly_confirmed","BR0002",NA,NA,"80","cases"
"2016-04-09","Brazil-Distrito_Federal","state","microcephaly_confirmed","BR0002",NA,NA,"4","cases"
"2016-04-09","Brazil-Espirito_Santo","state","microcephaly_confirmed","BR0002",NA,NA,"6","cases"
"2016-04-09","Brazil-Goias","state","microcephaly_confirmed","BR0002",NA,NA,"9","cases"
"2016-04-09","Brazil-Maranhao","state","microcephaly_confirmed","BR0002",NA,NA,"84","cases"
"2016-04-09","Brazil-Mato_Grosso","state","microcephaly_confirmed","BR0002",NA,NA,"15","cases"
"2016-04-09","Brazil-Mato_Grosso_do_Sul","state","microcephaly_confirmed","BR0002",NA,NA,"2","cases"
"2016-04-09","Brazil-Minas_Gerais","state","microcephaly_confirmed","BR0002",NA,NA,"2","cases"
"2016-04-09","Brazil-Para","state","microcephaly_confirmed","BR0002",NA,NA,"1","cases"
"2016-04-09","Brazil-Paraiba","state","microcephaly_confirmed","BR0002",NA,NA,"105","cases"
"2016-04-09","Brazil-Parana","state","microcephaly_confirmed","BR0002",NA,NA,"2","cases"
"2016-04-09","Brazil-Pernambuco","state","microcephaly_confirmed","BR0002",NA,NA,"312","cases"
"2016-04-09","Brazil-Piaui","state","microcephaly_confirmed","BR0002",NA,NA,"72","cases"
"2016-04-09","Brazil-Rio_Grande_do_Norte","state","microcephaly_confirmed","BR0002",NA,NA,"85","cases"
"2016-04-09","Brazil-Rio_Grande_do_Sul","state","microcephaly_confirmed","BR0002",NA,NA,"2","cases"
"2016-04-09","Brazil-Rio_de_Janeiro","state","microcephaly_confirmed","BR0002",NA,NA,"35","cases"
"2016-04-09","Brazil-Rondonia","state","microcephaly_confirmed","BR0002",NA,NA,"3","cases"
"2016-04-09","Brazil-Sergipe","state","microcephaly_confirmed","BR0002",NA,NA,"31","cases"
"2016-04-09","Brazil-Alagoas","state","microcephaly_fatal_confirmed","BR0006",NA,NA,"3","cases"
"2016-04-09","Brazil-Ceara","state","microcephaly_fatal_confirmed","BR0006",NA,NA,"14","cases"
"2016-04-09","Brazil-Distrito_Federal","state","microcephaly_fatal_confirmed","BR0006",NA,NA,"1","cases"
"2016-04-09","Brazil-Espirito_Santo","state","microcephaly_fatal_confirmed","BR0006",NA,NA,"1","cases"
"2016-04-09","Brazil-Mato_Grosso","state","microcephaly_fatal_confirmed","BR0006",NA,NA,"1","cases"
"2016-04-09","Brazil-Minas_Gerais","state","microcephaly_fatal_confirmed","BR0006",NA,NA,"1","cases"
"2016-04-09","Brazil-Paraiba","state","microcephaly_fatal_confirmed","BR0006",NA,NA,"9","cases"
"2016-04-09","Brazil-Pernambuco","state","microcephaly_fatal_confirmed","BR0006",NA,NA,"2","cases"
"2016-04-09","Brazil-Piaui","state","microcephaly_fatal_confirmed","BR0006",NA,NA,"3","cases"
"2016-04-09","Brazil-Rio_Grande_do_Norte","state","microcephaly_fatal_confirmed","BR0006",NA,NA,"11","cases"
"2016-04-09","Brazil-Rio_de_Janeiro","state","microcephaly_fatal_confirmed","BR0006",NA,NA,"1","cases"
"2016-04-09","Brazil-Sergipe","state","microcephaly_fatal_confirmed","BR0006",NA,NA,"3","cases"
"2016-04-16","Brazil-Alagoas","state","microcephaly_confirmed","BR0002",NA,NA,"55","cases"
"2016-04-16","Brazil-Amapa","state","microcephaly_confirmed","BR0002",NA,NA,"4","cases"
"2016-04-16","Brazil-Amazonas","state","microcephaly_confirmed","BR0002",NA,NA,"4","cases"
"2016-04-16","Brazil-Bahia","state","microcephaly_confirmed","BR0002",NA,NA,"219","cases"
"2016-04-16","Brazil-Ceara","state","microcephaly_confirmed","BR0002",NA,NA,"81","cases"
"2016-04-16","Brazil-Distrito_Federal","state","microcephaly_confirmed","BR0002",NA,NA,"4","cases"
"2016-04-16","Brazil-Espirito_Santo","state","microcephaly_confirmed","BR0002",NA,NA,"7","cases"
"2016-04-16","Brazil-Goias","state","microcephaly_confirmed","BR0002",NA,NA,"9","cases"
"2016-04-16","Brazil-Maranhao","state","microcephaly_confirmed","BR0002",NA,NA,"90","cases"
"2016-04-16","Brazil-Mato_Grosso","state","microcephaly_confirmed","BR0002",NA,NA,"15","cases"
"2016-04-16","Brazil-Mato_Grosso_do_Sul","state","microcephaly_confirmed","BR0002",NA,NA,"2","cases"
"2016-04-16","Brazil-Minas_Gerais","state","microcephaly_confirmed","BR0002",NA,NA,"2","cases"
"2016-04-16","Brazil-Para","state","microcephaly_confirmed","BR0002",NA,NA,"1","cases"
"2016-04-16","Brazil-Paraiba","state","microcephaly_confirmed","BR0002",NA,NA,"109","cases"
"2016-04-16","Brazil-Parana","state","microcephaly_confirmed","BR0002",NA,NA,"2","cases"
"2016-04-16","Brazil-Pernambuco","state","microcephaly_confirmed","BR0002",NA,NA,"333","cases"
"2016-04-16","Brazil-Piaui","state","microcephaly_confirmed","BR0002",NA,NA,"73","cases"
"2016-04-16","Brazil-Rio_Grande_do_Norte","state","microcephaly_confirmed","BR0002",NA,NA,"86","cases"
"2016-04-16","Brazil-Rio_Grande_do_Sul","state","microcephaly_confirmed","BR0002",NA,NA,"2","cases"
"2016-04-16","Brazil-Rio_de_Janeiro","state","microcephaly_confirmed","BR0002",NA,NA,"36","cases"
"2016-04-16","Brazil-Rondonia","state","microcephaly_confirmed","BR0002",NA,NA,"3","cases"
"2016-04-16","Brazil-Sergipe","state","microcephaly_confirmed","BR0002",NA,NA,"31","cases"
"2016-04-16","Brazil-Alagoas","state","microcephaly_fatal_confirmed","BR0006",NA,NA,"3","cases"
"2016-04-16","Brazil-Bahia","state","microcephaly_fatal_confirmed","BR0006",NA,NA,"1","cases"
"2016-04-16","Brazil-Ceara","state","microcephaly_fatal_confirmed","BR0006",NA,NA,"14","cases"
"2016-04-16","Brazil-Distrito_Federal","state","microcephaly_fatal_confirmed","BR0006",NA,NA,"1","cases"
"2016-04-16","Brazil-Espirito_Santo","state","microcephaly_fatal_confirmed","BR0006",NA,NA,"1","cases"
"2016-04-16","Brazil-Mato_Grosso","state","microcephaly_fatal_confirmed","BR0006",NA,NA,"1","cases"
"2016-04-16","Brazil-Minas_Gerais","state","microcephaly_fatal_confirmed","BR0006",NA,NA,"1","cases"
"2016-04-16","Brazil-Paraiba","state","microcephaly_fatal_confirmed","BR0006",NA,NA,"9","cases"
"2016-04-16","Brazil-Pernambuco","state","microcephaly_fatal_confirmed","BR0006",NA,NA,"1","cases"
"2016-04-16","Brazil-Piaui","state","microcephaly_fatal_confirmed","BR0006",NA,NA,"3","cases"
"2016-04-16","Brazil-Rio_Grande_do_Norte","state","microcephaly_fatal_confirmed","BR0006",NA,NA,"12","cases"
"2016-04-16","Brazil-Rio_de_Janeiro","state","microcephaly_fatal_confirmed","BR0006",NA,NA,"1","cases"
"2016-04-16","Brazil-Sergipe","state","microcephaly_fatal_confirmed","BR0006",NA,NA,"3","cases"
"2016-04-23","Brazil-Alagoas","state","microcephaly_confirmed","BR0002",NA,NA,"57","cases"
"2016-04-23","Brazil-Amapa","state","microcephaly_confirmed","BR0002",NA,NA,"4","cases"
"2016-04-23","Brazil-Amazonas","state","microcephaly_confirmed","BR0002",NA,NA,"4","cases"
"2016-04-23","Brazil-Bahia","state","microcephaly_confirmed","BR0002",NA,NA,"221","cases"
"2016-04-23","Brazil-Ceara","state","microcephaly_confirmed","BR0002",NA,NA,"84","cases"
"2016-04-23","Brazil-Distrito_Federal","state","microcephaly_confirmed","BR0002",NA,NA,"4","cases"
"2016-04-23","Brazil-Espirito_Santo","state","microcephaly_confirmed","BR0002",NA,NA,"7","cases"
"2016-04-23","Brazil-Goias","state","microcephaly_confirmed","BR0002",NA,NA,"9","cases"
"2016-04-23","Brazil-Maranhao","state","microcephaly_confirmed","BR0002",NA,NA,"99","cases"
"2016-04-23","Brazil-Mato_Grosso","state","microcephaly_confirmed","BR0002",NA,NA,"15","cases"
"2016-04-23","Brazil-Mato_Grosso_do_Sul","state","microcephaly_confirmed","BR0002",NA,NA,"2","cases"
"2016-04-23","Brazil-Minas_Gerais","state","microcephaly_confirmed","BR0002",NA,NA,"2","cases"
"2016-04-23","Brazil-Para","state","microcephaly_confirmed","BR0002",NA,NA,"1","cases"
"2016-04-23","Brazil-Paraiba","state","microcephaly_confirmed","BR0002",NA,NA,"112","cases"
"2016-04-23","Brazil-Parana","state","microcephaly_confirmed","BR0002",NA,NA,"2","cases"
"2016-04-23","Brazil-Pernambuco","state","microcephaly_confirmed","BR0002",NA,NA,"334","cases"
"2016-04-23","Brazil-Piaui","state","microcephaly_confirmed","BR0002",NA,NA,"74","cases"
"2016-04-23","Brazil-Rio_Grande_do_Norte","state","microcephaly_confirmed","BR0002",NA,NA,"86","cases"
"2016-04-23","Brazil-Rio_Grande_do_Sul","state","microcephaly_confirmed","BR0002",NA,NA,"2","cases"
"2016-04-23","Brazil-Rio_de_Janeiro","state","microcephaly_confirmed","BR0002",NA,NA,"42","cases"
"2016-04-23","Brazil-Rondonia","state","microcephaly_confirmed","BR0002",NA,NA,"3","cases"
"2016-04-23","Brazil-Sergipe","state","microcephaly_confirmed","BR0002",NA,NA,"31","cases"
"2016-04-23","Brazil-Tocantins","state","microcephaly_confirmed","BR0002",NA,NA,"3","cases"
"2016-04-23","Brazil-Alagoas","state","microcephaly_fatal_confirmed","BR0006",NA,NA,"3","cases"
"2016-04-23","Brazil-Bahia","state","microcephaly_fatal_confirmed","BR0006",NA,NA,"1","cases"
"2016-04-23","Brazil-Ceara","state","microcephaly_fatal_confirmed","BR0006",NA,NA,"14","cases"
"2016-04-23","Brazil-Distrito_Federal","state","microcephaly_fatal_confirmed","BR0006",NA,NA,"1","cases"
"2016-04-23","Brazil-Espirito_Santo","state","microcephaly_fatal_confirmed","BR0006",NA,NA,"1","cases"
"2016-04-23","Brazil-Mato_Grosso","state","microcephaly_fatal_confirmed","BR0006",NA,NA,"1","cases"
"2016-04-23","Brazil-Minas_Gerais","state","microcephaly_fatal_confirmed","BR0006",NA,NA,"1","cases"
"2016-04-23","Brazil-Paraiba","state","microcephaly_fatal_confirmed","BR0006",NA,NA,"10","cases"
"2016-04-23","Brazil-Pernambuco","state","microcephaly_fatal_confirmed","BR0006",NA,NA,"2","cases"
"2016-04-23","Brazil-Piaui","state","microcephaly_fatal_confirmed","BR0006",NA,NA,"3","cases"
"2016-04-23","Brazil-Rio_Grande_do_Norte","state","microcephaly_fatal_confirmed","BR0006",NA,NA,"12","cases"
"2016-04-23","Brazil-Rio_de_Janeiro","state","microcephaly_fatal_confirmed","BR0006",NA,NA,"2","cases"
"2016-04-23","Brazil-Sergipe","state","microcephaly_fatal_confirmed","BR0006",NA,NA,"3","cases"
"2016-04-30","Brazil-Alagoas","state","microcephaly_confirmed","BR0002",NA,NA,"59","cases"
"2016-04-30","Brazil-Amapa","state","microcephaly_confirmed","BR0002",NA,NA,"4","cases"
"2016-04-30","Brazil-Amazonas","state","microcephaly_confirmed","BR0002",NA,NA,"4","cases"
"2016-04-30","Brazil-Bahia","state","microcephaly_confirmed","BR0002",NA,NA,"232","cases"
"2016-04-30","Brazil-Ceara","state","microcephaly_confirmed","BR0002",NA,NA,"84","cases"
"2016-04-30","Brazil-Distrito_Federal","state","microcephaly_confirmed","BR0002",NA,NA,"5","cases"
"2016-04-30","Brazil-Espirito_Santo","state","microcephaly_confirmed","BR0002",NA,NA,"8","cases"
"2016-04-30","Brazil-Goias","state","microcephaly_confirmed","BR0002",NA,NA,"12","cases"
"2016-04-30","Brazil-Maranhao","state","microcephaly_confirmed","BR0002",NA,NA,"115","cases"
"2016-04-30","Brazil-Mato_Grosso","state","microcephaly_confirmed","BR0002",NA,NA,"15","cases"
"2016-04-30","Brazil-Mato_Grosso_do_Sul","state","microcephaly_confirmed","BR0002",NA,NA,"2","cases"
"2016-04-30","Brazil-Minas_Gerais","state","microcephaly_confirmed","BR0002",NA,NA,"3","cases"
"2016-04-30","Brazil-Para","state","microcephaly_confirmed","BR0002",NA,NA,"1","cases"
"2016-04-30","Brazil-Paraiba","state","microcephaly_confirmed","BR0002",NA,NA,"115","cases"
"2016-04-30","Brazil-Parana","state","microcephaly_confirmed","BR0002",NA,NA,"4","cases"
"2016-04-30","Brazil-Pernambuco","state","microcephaly_confirmed","BR0002",NA,NA,"339","cases"
"2016-04-30","Brazil-Piaui","state","microcephaly_confirmed","BR0002",NA,NA,"75","cases"
"2016-04-30","Brazil-Rio_Grande_do_Norte","state","microcephaly_confirmed","BR0002",NA,NA,"96","cases"
"2016-04-30","Brazil-Rio_Grande_do_Sul","state","microcephaly_confirmed","BR0002",NA,NA,"2","cases"
"2016-04-30","Brazil-Rio_de_Janeiro","state","microcephaly_confirmed","BR0002",NA,NA,"44","cases"
"2016-04-30","Brazil-Rondonia","state","microcephaly_confirmed","BR0002",NA,NA,"3","cases"
"2016-04-30","Brazil-Roraima","state","microcephaly_confirmed","BR0002",NA,NA,"1","cases"
"2016-04-30","Brazil-Sergipe","state","microcephaly_confirmed","BR0002",NA,NA,"37","cases"
"2016-04-30","Brazil-Sao_Paulo","state","microcephaly_confirmed","BR0002",NA,NA,"8","cases"
"2016-04-30","Brazil-Tocantins","state","microcephaly_confirmed","BR0002",NA,NA,"3","cases"
"2016-04-30","Brazil-Alagoas","state","microcephaly_fatal_confirmed","BR0006",NA,NA,"3","cases"
"2016-04-30","Brazil-Bahia","state","microcephaly_fatal_confirmed","BR0006",NA,NA,"1","cases"
"2016-04-30","Brazil-Ceara","state","microcephaly_fatal_confirmed","BR0006",NA,NA,"14","cases"
"2016-04-30","Brazil-Distrito_Federal","state","microcephaly_fatal_confirmed","BR0006",NA,NA,"1","cases"
"2016-04-30","Brazil-Espirito_Santo","state","microcephaly_fatal_confirmed","BR0006",NA,NA,"1","cases"
"2016-04-30","Brazil-Mato_Grosso","state","microcephaly_fatal_confirmed","BR0006",NA,NA,"1","cases"
"2016-04-30","Brazil-Minas_Gerais","state","microcephaly_fatal_confirmed","BR0006",NA,NA,"1","cases"
"2016-04-30","Brazil-Paraiba","state","microcephaly_fatal_confirmed","BR0006",NA,NA,"10","cases"
"2016-04-30","Brazil-Pernambuco","state","microcephaly_fatal_confirmed","BR0006",NA,NA,"2","cases"
"2016-04-30","Brazil-Piaui","state","microcephaly_fatal_confirmed","BR0006",NA,NA,"3","cases"
"2016-04-30","Brazil-Rio_Grande_do_Norte","state","microcephaly_fatal_confirmed","BR0006",NA,NA,"12","cases"
"2016-04-30","Brazil-Rio_de_Janeiro","state","microcephaly_fatal_confirmed","BR0006",NA,NA,"2","cases"
"2016-04-30","Brazil-Sergipe","state","microcephaly_fatal_confirmed","BR0006",NA,NA,"6","cases"
"2016-05-07","Brazil-Alagoas","state","microcephaly_confirmed","BR0002",NA,NA,"64","cases"
"2016-05-07","Brazil-Amapa","state","microcephaly_confirmed","BR0002",NA,NA,"4","cases"
"2016-05-07","Brazil-Amazonas","state","microcephaly_confirmed","BR0002",NA,NA,"4","cases"
"2016-05-07","Brazil-Bahia","state","microcephaly_confirmed","BR0002",NA,NA,"237","cases"
"2016-05-07","Brazil-Ceara","state","microcephaly_confirmed","BR0002",NA,NA,"90","cases"
"2016-05-07","Brazil-Distrito_Federal","state","microcephaly_confirmed","BR0002",NA,NA,"5","cases"
"2016-05-07","Brazil-Espirito_Santo","state","microcephaly_confirmed","BR0002",NA,NA,"10","cases"
"2016-05-07","Brazil-Goias","state","microcephaly_confirmed","BR0002",NA,NA,"14","cases"
"2016-05-07","Brazil-Maranhao","state","microcephaly_confirmed","BR0002",NA,NA,"116","cases"
"2016-05-07","Brazil-Mato_Grosso","state","microcephaly_confirmed","BR0002",NA,NA,"15","cases"
"2016-05-07","Brazil-Mato_Grosso_do_Sul","state","microcephaly_confirmed","BR0002",NA,NA,"2","cases"
"2016-05-07","Brazil-Minas_Gerais","state","microcephaly_confirmed","BR0002",NA,NA,"3","cases"
"2016-05-07","Brazil-Para","state","microcephaly_confirmed","BR0002",NA,NA,"1","cases"
"2016-05-07","Brazil-Paraiba","state","microcephaly_confirmed","BR0002",NA,NA,"119","cases"
"2016-05-07","Brazil-Parana","state","microcephaly_confirmed","BR0002",NA,NA,"4","cases"
"2016-05-07","Brazil-Pernambuco","state","microcephaly_confirmed","BR0002",NA,NA,"351","cases"
"2016-05-07","Brazil-Piaui","state","microcephaly_confirmed","BR0002",NA,NA,"74","cases"
"2016-05-07","Brazil-Rio_Grande_do_Norte","state","microcephaly_confirmed","BR0002",NA,NA,"106","cases"
"2016-05-07","Brazil-Rio_Grande_do_Sul","state","microcephaly_confirmed","BR0002",NA,NA,"2","cases"
"2016-05-07","Brazil-Rio_de_Janeiro","state","microcephaly_confirmed","BR0002",NA,NA,"47","cases"
"2016-05-07","Brazil-Rondonia","state","microcephaly_confirmed","BR0002",NA,NA,"4","cases"
"2016-05-07","Brazil-Roraima","state","microcephaly_confirmed","BR0002",NA,NA,"8","cases"
"2016-05-07","Brazil-Sergipe","state","microcephaly_confirmed","BR0002",NA,NA,"33","cases"
"2016-05-07","Brazil-Sao_Paulo","state","microcephaly_confirmed","BR0002",NA,NA,"8","cases"
"2016-05-07","Brazil-Tocantins","state","microcephaly_confirmed","BR0002",NA,NA,"5","cases"
"2016-05-14","Brazil-Alagoas","state","microcephaly_confirmed","BR0002",NA,NA,"65","cases"
"2016-05-14","Brazil-Amapa","state","microcephaly_confirmed","BR0002",NA,NA,"6","cases"
"2016-05-14","Brazil-Amazonas","state","microcephaly_confirmed","BR0002",NA,NA,"4","cases"
"2016-05-14","Brazil-Bahia","state","microcephaly_confirmed","BR0002",NA,NA,"243","cases"
"2016-05-14","Brazil-Ceara","state","microcephaly_confirmed","BR0002",NA,NA,"97","cases"
"2016-05-14","Brazil-Distrito_Federal","state","microcephaly_confirmed","BR0002",NA,NA,"5","cases"
"2016-05-14","Brazil-Espirito_Santo","state","microcephaly_confirmed","BR0002",NA,NA,"11","cases"
"2016-05-14","Brazil-Goias","state","microcephaly_confirmed","BR0002",NA,NA,"14","cases"
"2016-05-14","Brazil-Maranhao","state","microcephaly_confirmed","BR0002",NA,NA,"117","cases"
"2016-05-14","Brazil-Mato_Grosso","state","microcephaly_confirmed","BR0002",NA,NA,"15","cases"
"2016-05-14","Brazil-Mato_Grosso_do_Sul","state","microcephaly_confirmed","BR0002",NA,NA,"2","cases"
"2016-05-14","Brazil-Minas_Gerais","state","microcephaly_confirmed","BR0002",NA,NA,"3","cases"
"2016-05-14","Brazil-Para","state","microcephaly_confirmed","BR0002",NA,NA,"1","cases"
"2016-05-14","Brazil-Paraiba","state","microcephaly_confirmed","BR0002",NA,NA,"125","cases"
"2016-05-14","Brazil-Parana","state","microcephaly_confirmed","BR0002",NA,NA,"4","cases"
"2016-05-14","Brazil-Pernambuco","state","microcephaly_confirmed","BR0002",NA,NA,"354","cases"
"2016-05-14","Brazil-Piaui","state","microcephaly_confirmed","BR0002",NA,NA,"76","cases"
"2016-05-14","Brazil-Rio_Grande_do_Norte","state","microcephaly_confirmed","BR0002",NA,NA,"106","cases"
"2016-05-14","Brazil-Rio_Grande_do_Sul","state","microcephaly_confirmed","BR0002",NA,NA,"5","cases"
"2016-05-14","Brazil-Rio_de_Janeiro","state","microcephaly_confirmed","BR0002",NA,NA,"55","cases"
"2016-05-14","Brazil-Rondonia","state","microcephaly_confirmed","BR0002",NA,NA,"4","cases"
"2016-05-14","Brazil-Roraima","state","microcephaly_confirmed","BR0002",NA,NA,"8","cases"
"2016-05-14","Brazil-Santa_Catarina","state","microcephaly_confirmed","BR0002",NA,NA,"1","cases"
"2016-05-14","Brazil-Sergipe","state","microcephaly_confirmed","BR0002",NA,NA,"50","cases"
"2016-05-14","Brazil-Sao_Paulo","state","microcephaly_confirmed","BR0002",NA,NA,"8","cases"
"2016-05-14","Brazil-Tocantins","state","microcephaly_confirmed","BR0002",NA,NA,"5","cases"
"2016-05-14","Brazil-Alagoas","state","microcephaly_fatal_confirmed","BR0006",NA,NA,"3","cases"
"2016-05-14","Brazil-Bahia","state","microcephaly_fatal_confirmed","BR0006",NA,NA,"1","cases"
"2016-05-14","Brazil-Ceara","state","microcephaly_fatal_confirmed","BR0006",NA,NA,"16","cases"
"2016-05-14","Brazil-Distrito_Federal","state","microcephaly_fatal_confirmed","BR0006",NA,NA,"1","cases"
"2016-05-14","Brazil-Espirito_Santo","state","microcephaly_fatal_confirmed","BR0006",NA,NA,"2","cases"
"2016-05-14","Brazil-Mato_Grosso","state","microcephaly_fatal_confirmed","BR0006",NA,NA,"1","cases"
"2016-05-14","Brazil-Minas_Gerais","state","microcephaly_fatal_confirmed","BR0006",NA,NA,"1","cases"
"2016-05-14","Brazil-Paraiba","state","microcephaly_fatal_confirmed","BR0006",NA,NA,"11","cases"
"2016-05-14","Brazil-Pernambuco","state","microcephaly_fatal_confirmed","BR0006",NA,NA,"2","cases"
"2016-05-14","Brazil-Piaui","state","microcephaly_fatal_confirmed","BR0006",NA,NA,"3","cases"
"2016-05-14","Brazil-Rio_Grande_do_Norte","state","microcephaly_fatal_confirmed","BR0006",NA,NA,"12","cases"
"2016-05-14","Brazil-Rio_de_Janeiro","state","microcephaly_fatal_confirmed","BR0006",NA,NA,"3","cases"
"2016-05-14","Brazil-Sergipe","state","microcephaly_fatal_confirmed","BR0006",NA,NA,"3","cases"
"2016-05-21","Brazil-Alagoas","state","microcephaly_confirmed","BR0002",NA,NA,"70","cases"
"2016-05-21","Brazil-Amapa","state","microcephaly_confirmed","BR0002",NA,NA,"7","cases"
"2016-05-21","Brazil-Amazonas","state","microcephaly_confirmed","BR0002",NA,NA,"4","cases"
"2016-05-21","Brazil-Bahia","state","microcephaly_confirmed","BR0002",NA,NA,"247","cases"
"2016-05-21","Brazil-Ceara","state","microcephaly_confirmed","BR0002",NA,NA,"102","cases"
"2016-05-21","Brazil-Distrito_Federal","state","microcephaly_confirmed","BR0002",NA,NA,"5","cases"
"2016-05-21","Brazil-Espirito_Santo","state","microcephaly_confirmed","BR0002",NA,NA,"11","cases"
"2016-05-21","Brazil-Goias","state","microcephaly_confirmed","BR0002",NA,NA,"14","cases"
"2016-05-21","Brazil-Maranhao","state","microcephaly_confirmed","BR0002",NA,NA,"126","cases"
"2016-05-21","Brazil-Mato_Grosso","state","microcephaly_confirmed","BR0002",NA,NA,"15","cases"
"2016-05-21","Brazil-Mato_Grosso_do_Sul","state","microcephaly_confirmed","BR0002",NA,NA,"2","cases"
"2016-05-21","Brazil-Minas_Gerais","state","microcephaly_confirmed","BR0002",NA,NA,"3","cases"
"2016-05-21","Brazil-Para","state","microcephaly_confirmed","BR0002",NA,NA,"1","cases"
"2016-05-21","Brazil-Paraiba","state","microcephaly_confirmed","BR0002",NA,NA,"129","cases"
"2016-05-21","Brazil-Parana","state","microcephaly_confirmed","BR0002",NA,NA,"4","cases"
"2016-05-21","Brazil-Pernambuco","state","microcephaly_confirmed","BR0002",NA,NA,"359","cases"
"2016-05-21","Brazil-Piaui","state","microcephaly_confirmed","BR0002",NA,NA,"82","cases"
"2016-05-21","Brazil-Rio_Grande_do_Norte","state","microcephaly_confirmed","BR0002",NA,NA,"108","cases"
"2016-05-21","Brazil-Rio_Grande_do_Sul","state","microcephaly_confirmed","BR0002",NA,NA,"5","cases"
"2016-05-21","Brazil-Rio_de_Janeiro","state","microcephaly_confirmed","BR0002",NA,NA,"61","cases"
"2016-05-21","Brazil-Rondonia","state","microcephaly_confirmed","BR0002",NA,NA,"4","cases"
"2016-05-21","Brazil-Roraima","state","microcephaly_confirmed","BR0002",NA,NA,"8","cases"
"2016-05-21","Brazil-Santa_Catarina","state","microcephaly_confirmed","BR0002",NA,NA,"1","cases"
"2016-05-21","Brazil-Sergipe","state","microcephaly_confirmed","BR0002",NA,NA,"50","cases"
"2016-05-21","Brazil-Sao_Paulo","state","microcephaly_confirmed","BR0002",NA,NA,"8","cases"
"2016-05-21","Brazil-Tocantins","state","microcephaly_confirmed","BR0002",NA,NA,"8","cases"
"2016-05-21","Brazil-Alagoas","state","microcephaly_fatal_confirmed","BR0006",NA,NA,"3","cases"
"2016-05-21","Brazil-Bahia","state","microcephaly_fatal_confirmed","BR0006",NA,NA,"1","cases"
"2016-05-21","Brazil-Ceara","state","microcephaly_fatal_confirmed","BR0006",NA,NA,"16","cases"
"2016-05-21","Brazil-Distrito_Federal","state","microcephaly_fatal_confirmed","BR0006",NA,NA,"1","cases"
"2016-05-21","Brazil-Espirito_Santo","state","microcephaly_fatal_confirmed","BR0006",NA,NA,"2","cases"
"2016-05-21","Brazil-Mato_Grosso","state","microcephaly_fatal_confirmed","BR0006",NA,NA,"1","cases"
"2016-05-21","Brazil-Minas_Gerais","state","microcephaly_fatal_confirmed","BR0006",NA,NA,"1","cases"
"2016-05-21","Brazil-Paraiba","state","microcephaly_fatal_confirmed","BR0006",NA,NA,"11","cases"
"2016-05-21","Brazil-Pernambuco","state","microcephaly_fatal_confirmed","BR0006",NA,NA,"2","cases"
"2016-05-21","Brazil-Piaui","state","microcephaly_fatal_confirmed","BR0006",NA,NA,"3","cases"
"2016-05-21","Brazil-Rio_Grande_do_Norte","state","microcephaly_fatal_confirmed","BR0006",NA,NA,"13","cases"
"2016-05-21","Brazil-Rio_de_Janeiro","state","microcephaly_fatal_confirmed","BR0006",NA,NA,"3","cases"
"2016-05-21","Brazil-Sergipe","state","microcephaly_fatal_confirmed","BR0006",NA,NA,"3","cases"
"2016-05-28","Brazil-Alagoas","state","microcephaly_confirmed","BR0002",NA,NA,"72","cases"
"2016-05-28","Brazil-Amapa","state","microcephaly_confirmed","BR0002",NA,NA,"8","cases"
"2016-05-28","Brazil-Amazonas","state","microcephaly_confirmed","BR0002",NA,NA,"4","cases"
"2016-05-28","Brazil-Bahia","state","microcephaly_confirmed","BR0002",NA,NA,"249","cases"
"2016-05-28","Brazil-Ceara","state","microcephaly_confirmed","BR0002",NA,NA,"110","cases"
"2016-05-28","Brazil-Distrito_Federal","state","microcephaly_confirmed","BR0002",NA,NA,"5","cases"
"2016-05-28","Brazil-Espirito_Santo","state","microcephaly_confirmed","BR0002",NA,NA,"12","cases"
"2016-05-28","Brazil-Goias","state","microcephaly_confirmed","BR0002",NA,NA,"14","cases"
"2016-05-28","Brazil-Maranhao","state","microcephaly_confirmed","BR0002",NA,NA,"126","cases"
"2016-05-28","Brazil-Mato_Grosso","state","microcephaly_confirmed","BR0002",NA,NA,"16","cases"
"2016-05-28","Brazil-Mato_Grosso_do_Sul","state","microcephaly_confirmed","BR0002",NA,NA,"2","cases"
"2016-05-28","Brazil-Minas_Gerais","state","microcephaly_confirmed","BR0002",NA,NA,"3","cases"
"2016-05-28","Brazil-Para","state","microcephaly_confirmed","BR0002",NA,NA,"1","cases"
"2016-05-28","Brazil-Paraiba","state","microcephaly_confirmed","BR0002",NA,NA,"129","cases"
"2016-05-28","Brazil-Parana","state","microcephaly_confirmed","BR0002",NA,NA,"4","cases"
"2016-05-28","Brazil-Pernambuco","state","microcephaly_confirmed","BR0002",NA,NA,"358","cases"
"2016-05-28","Brazil-Piaui","state","microcephaly_confirmed","BR0002",NA,NA,"85","cases"
"2016-05-28","Brazil-Rio_Grande_do_Norte","state","microcephaly_confirmed","BR0002",NA,NA,"113","cases"
"2016-05-28","Brazil-Rio_Grande_do_Sul","state","microcephaly_confirmed","BR0002",NA,NA,"5","cases"
"2016-05-28","Brazil-Rio_de_Janeiro","state","microcephaly_confirmed","BR0002",NA,NA,"64","cases"
"2016-05-28","Brazil-Rondonia","state","microcephaly_confirmed","BR0002",NA,NA,"4","cases"
"2016-05-28","Brazil-Roraima","state","microcephaly_confirmed","BR0002",NA,NA,"8","cases"
"2016-05-28","Brazil-Santa_Catarina","state","microcephaly_confirmed","BR0002",NA,NA,"1","cases"
"2016-05-28","Brazil-Sergipe","state","microcephaly_confirmed","BR0002",NA,NA,"77","cases"
"2016-05-28","Brazil-Sao_Paulo","state","microcephaly_confirmed","BR0002",NA,NA,"8","cases"
"2016-05-28","Brazil-Tocantins","state","microcephaly_confirmed","BR0002",NA,NA,"11","cases"
"2016-05-28","Brazil-Alagoas","state","microcephaly_fatal_confirmed","BR0006",NA,NA,"3","cases"
"2016-05-28","Brazil-Bahia","state","microcephaly_fatal_confirmed","BR0006",NA,NA,"1","cases"
"2016-05-28","Brazil-Ceara","state","microcephaly_fatal_confirmed","BR0006",NA,NA,"16","cases"
"2016-05-28","Brazil-Distrito_Federal","state","microcephaly_fatal_confirmed","BR0006",NA,NA,"1","cases"
"2016-05-28","Brazil-Espirito_Santo","state","microcephaly_fatal_confirmed","BR0006",NA,NA,"3","cases"
"2016-05-28","Brazil-Mato_Grosso","state","microcephaly_fatal_confirmed","BR0006",NA,NA,"2","cases"
"2016-05-28","Brazil-Minas_Gerais","state","microcephaly_fatal_confirmed","BR0006",NA,NA,"1","cases"
"2016-05-28","Brazil-Paraiba","state","microcephaly_fatal_confirmed","BR0006",NA,NA,"11","cases"
"2016-05-28","Brazil-Pernambuco","state","microcephaly_fatal_confirmed","BR0006",NA,NA,"2","cases"
"2016-05-28","Brazil-Piaui","state","microcephaly_fatal_confirmed","BR0006",NA,NA,"3","cases"
"2016-05-28","Brazil-Rio_Grande_do_Norte","state","microcephaly_fatal_confirmed","BR0006",NA,NA,"13","cases"
"2016-05-28","Brazil-Rio_de_Janeiro","state","microcephaly_fatal_confirmed","BR0006",NA,NA,"3","cases"
"2016-05-28","Brazil-Rondonia","state","microcephaly_fatal_confirmed","BR0006",NA,NA,"1","cases"
"2016-05-28","Brazil-Sergipe","state","microcephaly_fatal_confirmed","BR0006",NA,NA,"3","cases"
"2016-06-04","Brazil-Alagoas","state","microcephaly_confirmed","BR0002",NA,NA,"73","cases"
"2016-06-04","Brazil-Amapa","state","microcephaly_confirmed","BR0002",NA,NA,"7","cases"
"2016-06-04","Brazil-Amazonas","state","microcephaly_confirmed","BR0002",NA,NA,"4","cases"
"2016-06-04","Brazil-Bahia","state","microcephaly_confirmed","BR0002",NA,NA,"252","cases"
"2016-06-04","Brazil-Ceara","state","microcephaly_confirmed","BR0002",NA,NA,"115","cases"
"2016-06-04","Brazil-Distrito_Federal","state","microcephaly_confirmed","BR0002",NA,NA,"5","cases"
"2016-06-04","Brazil-Espirito_Santo","state","microcephaly_confirmed","BR0002",NA,NA,"12","cases"
"2016-06-04","Brazil-Goias","state","microcephaly_confirmed","BR0002",NA,NA,"14","cases"
"2016-06-04","Brazil-Maranhao","state","microcephaly_confirmed","BR0002",NA,NA,"126","cases"
"2016-06-04","Brazil-Mato_Grosso","state","microcephaly_confirmed","BR0002",NA,NA,"23","cases"
"2016-06-04","Brazil-Mato_Grosso_do_Sul","state","microcephaly_confirmed","BR0002",NA,NA,"2","cases"
"2016-06-04","Brazil-Minas_Gerais","state","microcephaly_confirmed","BR0002",NA,NA,"3","cases"
"2016-06-04","Brazil-Para","state","microcephaly_confirmed","BR0002",NA,NA,"1","cases"
"2016-06-04","Brazil-Paraiba","state","microcephaly_confirmed","BR0002",NA,NA,"136","cases"
"2016-06-04","Brazil-Parana","state","microcephaly_confirmed","BR0002",NA,NA,"4","cases"
"2016-06-04","Brazil-Pernambuco","state","microcephaly_confirmed","BR0002",NA,NA,"363","cases"
"2016-06-04","Brazil-Piaui","state","microcephaly_confirmed","BR0002",NA,NA,"85","cases"
"2016-06-04","Brazil-Rio_Grande_do_Norte","state","microcephaly_confirmed","BR0002",NA,NA,"113","cases"
"2016-06-04","Brazil-Rio_Grande_do_Sul","state","microcephaly_confirmed","BR0002",NA,NA,"5","cases"
"2016-06-04","Brazil-Rio_de_Janeiro","state","microcephaly_confirmed","BR0002",NA,NA,"66","cases"
"2016-06-04","Brazil-Rondonia","state","microcephaly_confirmed","BR0002",NA,NA,"5","cases"
"2016-06-04","Brazil-Roraima","state","microcephaly_confirmed","BR0002",NA,NA,"8","cases"
"2016-06-04","Brazil-Santa_Catarina","state","microcephaly_confirmed","BR0002",NA,NA,"1","cases"
"2016-06-04","Brazil-Sergipe","state","microcephaly_confirmed","BR0002",NA,NA,"110","cases"
"2016-06-04","Brazil-Sao_Paulo","state","microcephaly_confirmed","BR0002",NA,NA,"8","cases"
"2016-06-04","Brazil-Tocantins","state","microcephaly_confirmed","BR0002",NA,NA,"10","cases"
"2016-06-04","Brazil-Alagoas","state","microcephaly_fatal_confirmed","BR0006",NA,NA,"3","cases"
"2016-06-04","Brazil-Bahia","state","microcephaly_fatal_confirmed","BR0006",NA,NA,"1","cases"
"2016-06-04","Brazil-Ceara","state","microcephaly_fatal_confirmed","BR0006",NA,NA,"18","cases"
"2016-06-04","Brazil-Distrito_Federal","state","microcephaly_fatal_confirmed","BR0006",NA,NA,"1","cases"
"2016-06-04","Brazil-Espirito_Santo","state","microcephaly_fatal_confirmed","BR0006",NA,NA,"3","cases"
"2016-06-04","Brazil-Mato_Grosso","state","microcephaly_fatal_confirmed","BR0006",NA,NA,"2","cases"
"2016-06-04","Brazil-Minas_Gerais","state","microcephaly_fatal_confirmed","BR0006",NA,NA,"1","cases"
"2016-06-04","Brazil-Paraiba","state","microcephaly_fatal_confirmed","BR0006",NA,NA,"11","cases"
"2016-06-04","Brazil-Pernambuco","state","microcephaly_fatal_confirmed","BR0006",NA,NA,"3","cases"
"2016-06-04","Brazil-Piaui","state","microcephaly_fatal_confirmed","BR0006",NA,NA,"3","cases"
"2016-06-04","Brazil-Rio_Grande_do_Norte","state","microcephaly_fatal_confirmed","BR0006",NA,NA,"13","cases"
"2016-06-04","Brazil-Rio_de_Janeiro","state","microcephaly_fatal_confirmed","BR0006",NA,NA,"4","cases"
"2016-06-04","Brazil-Rondonia","state","microcephaly_fatal_confirmed","BR0006",NA,NA,"1","cases"
"2016-06-04","Brazil-Sergipe","state","microcephaly_fatal_confirmed","BR0006",NA,NA,"4","cases"
"2016-06-04","Brazil-Tocantins","state","microcephaly_fatal_confirmed","BR0006",NA,NA,"1","cases"
"2016-06-11","Brazil-Alagoas","state","microcephaly_confirmed","BR0002",NA,NA,"73","cases"
"2016-06-11","Brazil-Amapa","state","microcephaly_confirmed","BR0002",NA,NA,"7","cases"
"2016-06-11","Brazil-Amazonas","state","microcephaly_confirmed","BR0002",NA,NA,"6","cases"
"2016-06-11","Brazil-Bahia","state","microcephaly_confirmed","BR0002",NA,NA,"254","cases"
"2016-06-11","Brazil-Ceara","state","microcephaly_confirmed","BR0002",NA,NA,"122","cases"
"2016-06-11","Brazil-Distrito_Federal","state","microcephaly_confirmed","BR0002",NA,NA,"5","cases"
"2016-06-11","Brazil-Espirito_Santo","state","microcephaly_confirmed","BR0002",NA,NA,"12","cases"
"2016-06-11","Brazil-Goias","state","microcephaly_confirmed","BR0002",NA,NA,"14","cases"
"2016-06-11","Brazil-Maranhao","state","microcephaly_confirmed","BR0002",NA,NA,"130","cases"
"2016-06-11","Brazil-Mato_Grosso","state","microcephaly_confirmed","BR0002",NA,NA,"23","cases"
"2016-06-11","Brazil-Mato_Grosso_do_Sul","state","microcephaly_confirmed","BR0002",NA,NA,"2","cases"
"2016-06-11","Brazil-Minas_Gerais","state","microcephaly_confirmed","BR0002",NA,NA,"3","cases"
"2016-06-11","Brazil-Para","state","microcephaly_confirmed","BR0002",NA,NA,"1","cases"
"2016-06-11","Brazil-Paraiba","state","microcephaly_confirmed","BR0002",NA,NA,"139","cases"
"2016-06-11","Brazil-Parana","state","microcephaly_confirmed","BR0002",NA,NA,"4","cases"
"2016-06-11","Brazil-Pernambuco","state","microcephaly_confirmed","BR0002",NA,NA,"366","cases"
"2016-06-11","Brazil-Piaui","state","microcephaly_confirmed","BR0002",NA,NA,"87","cases"
"2016-06-11","Brazil-Rio_Grande_do_Norte","state","microcephaly_confirmed","BR0002",NA,NA,"113","cases"
"2016-06-11","Brazil-Rio_Grande_do_Sul","state","microcephaly_confirmed","BR0002",NA,NA,"5","cases"
"2016-06-11","Brazil-Rio_de_Janeiro","state","microcephaly_confirmed","BR0002",NA,NA,"70","cases"
"2016-06-11","Brazil-Rondonia","state","microcephaly_confirmed","BR0002",NA,NA,"5","cases"
"2016-06-11","Brazil-Roraima","state","microcephaly_confirmed","BR0002",NA,NA,"10","cases"
"2016-06-11","Brazil-Santa_Catarina","state","microcephaly_confirmed","BR0002",NA,NA,"1","cases"
"2016-06-11","Brazil-Sergipe","state","microcephaly_confirmed","BR0002",NA,NA,"110","cases"
"2016-06-11","Brazil-Sao_Paulo","state","microcephaly_confirmed","BR0002",NA,NA,"8","cases"
"2016-06-11","Brazil-Tocantins","state","microcephaly_confirmed","BR0002",NA,NA,"11","cases"
"2016-06-11","Brazil-Alagoas","state","microcephaly_fatal_confirmed","BR0006",NA,NA,"3","cases"
"2016-06-11","Brazil-Bahia","state","microcephaly_fatal_confirmed","BR0006",NA,NA,"1","cases"
"2016-06-11","Brazil-Ceara","state","microcephaly_fatal_confirmed","BR0006",NA,NA,"19","cases"
"2016-06-11","Brazil-Distrito_Federal","state","microcephaly_fatal_confirmed","BR0006",NA,NA,"1","cases"
"2016-06-11","Brazil-Espirito_Santo","state","microcephaly_fatal_confirmed","BR0006",NA,NA,"3","cases"
"2016-06-11","Brazil-Maranhao","state","microcephaly_fatal_confirmed","BR0006",NA,NA,"1","cases"
"2016-06-11","Brazil-Mato_Grosso","state","microcephaly_fatal_confirmed","BR0006",NA,NA,"2","cases"
"2016-06-11","Brazil-Minas_Gerais","state","microcephaly_fatal_confirmed","BR0006",NA,NA,"1","cases"
"2016-06-11","Brazil-Paraiba","state","microcephaly_fatal_confirmed","BR0006",NA,NA,"13","cases"
"2016-06-11","Brazil-Pernambuco","state","microcephaly_fatal_confirmed","BR0006",NA,NA,"3","cases"
"2016-06-11","Brazil-Piaui","state","microcephaly_fatal_confirmed","BR0006",NA,NA,"3","cases"
"2016-06-11","Brazil-Rio_Grande_do_Norte","state","microcephaly_fatal_confirmed","BR0006",NA,NA,"13","cases"
"2016-06-11","Brazil-Rio_de_Janeiro","state","microcephaly_fatal_confirmed","BR0006",NA,NA,"4","cases"
"2016-06-11","Brazil-Rondonia","state","microcephaly_fatal_confirmed","BR0006",NA,NA,"1","cases"
"2016-06-11","Brazil-Sergipe","state","microcephaly_fatal_confirmed","BR0006",NA,NA,"4","cases"
"2016-06-11","Brazil-Tocantins","state","microcephaly_fatal_confirmed","BR0006",NA,NA,"1","cases"
"2016-06-18","Brazil-Acre","state","microcephaly_confirmed","BR0002",NA,NA,"2","cases"
"2016-06-18","Brazil-Alagoas","state","microcephaly_confirmed","BR0002",NA,NA,"74","cases"
"2016-06-18","Brazil-Amapa","state","microcephaly_confirmed","BR0002",NA,NA,"7","cases"
"2016-06-18","Brazil-Amazonas","state","microcephaly_confirmed","BR0002",NA,NA,"7","cases"
"2016-06-18","Brazil-Bahia","state","microcephaly_confirmed","BR0002",NA,NA,"263","cases"
"2016-06-18","Brazil-Ceara","state","microcephaly_confirmed","BR0002",NA,NA,"123","cases"
"2016-06-18","Brazil-Distrito_Federal","state","microcephaly_confirmed","BR0002",NA,NA,"5","cases"
"2016-06-18","Brazil-Espirito_Santo","state","microcephaly_confirmed","BR0002",NA,NA,"13","cases"
"2016-06-18","Brazil-Goias","state","microcephaly_confirmed","BR0002",NA,NA,"14","cases"
"2016-06-18","Brazil-Maranhao","state","microcephaly_confirmed","BR0002",NA,NA,"130","cases"
"2016-06-18","Brazil-Mato_Grosso","state","microcephaly_confirmed","BR0002",NA,NA,"27","cases"
"2016-06-18","Brazil-Mato_Grosso_do_Sul","state","microcephaly_confirmed","BR0002",NA,NA,"3","cases"
"2016-06-18","Brazil-Minas_Gerais","state","microcephaly_confirmed","BR0002",NA,NA,"3","cases"
"2016-06-18","Brazil-Para","state","microcephaly_confirmed","BR0002",NA,NA,"1","cases"
"2016-06-18","Brazil-Paraiba","state","microcephaly_confirmed","BR0002",NA,NA,"143","cases"
"2016-06-18","Brazil-Parana","state","microcephaly_confirmed","BR0002",NA,NA,"4","cases"
"2016-06-18","Brazil-Pernambuco","state","microcephaly_confirmed","BR0002",NA,NA,"366","cases"
"2016-06-18","Brazil-Piaui","state","microcephaly_confirmed","BR0002",NA,NA,"87","cases"
"2016-06-18","Brazil-Rio_Grande_do_Norte","state","microcephaly_confirmed","BR0002",NA,NA,"113","cases"
"2016-06-18","Brazil-Rio_Grande_do_Sul","state","microcephaly_confirmed","BR0002",NA,NA,"5","cases"
"2016-06-18","Brazil-Rio_de_Janeiro","state","microcephaly_confirmed","BR0002",NA,NA,"72","cases"
"2016-06-18","Brazil-Rondonia","state","microcephaly_confirmed","BR0002",NA,NA,"5","cases"
"2016-06-18","Brazil-Roraima","state","microcephaly_confirmed","BR0002",NA,NA,"10","cases"
"2016-06-18","Brazil-Santa_Catarina","state","microcephaly_confirmed","BR0002",NA,NA,"1","cases"
"2016-06-18","Brazil-Sergipe","state","microcephaly_confirmed","BR0002",NA,NA,"111","cases"
"2016-06-18","Brazil-Sao_Paulo","state","microcephaly_confirmed","BR0002",NA,NA,"10","cases"
"2016-06-18","Brazil-Tocantins","state","microcephaly_confirmed","BR0002",NA,NA,"17","cases"
"2016-06-18","Brazil-Alagoas","state","microcephaly_fatal_confirmed","BR0006",NA,NA,"3","cases"
"2016-06-18","Brazil-Bahia","state","microcephaly_fatal_confirmed","BR0006",NA,NA,"1","cases"
"2016-06-18","Brazil-Ceara","state","microcephaly_fatal_confirmed","BR0006",NA,NA,"21","cases"
"2016-06-18","Brazil-Distrito_Federal","state","microcephaly_fatal_confirmed","BR0006",NA,NA,"1","cases"
"2016-06-18","Brazil-Espirito_Santo","state","microcephaly_fatal_confirmed","BR0006",NA,NA,"3","cases"
"2016-06-18","Brazil-Maranhao","state","microcephaly_fatal_confirmed","BR0006",NA,NA,"1","cases"
"2016-06-18","Brazil-Mato_Grosso","state","microcephaly_fatal_confirmed","BR0006",NA,NA,"2","cases"
"2016-06-18","Brazil-Paraiba","state","microcephaly_fatal_confirmed","BR0006",NA,NA,"17","cases"
"2016-06-18","Brazil-Pernambuco","state","microcephaly_fatal_confirmed","BR0006",NA,NA,"3","cases"
"2016-06-18","Brazil-Piaui","state","microcephaly_fatal_confirmed","BR0006",NA,NA,"3","cases"
"2016-06-18","Brazil-Rio_Grande_do_Norte","state","microcephaly_fatal_confirmed","BR0006",NA,NA,"13","cases"
"2016-06-18","Brazil-Rio_de_Janeiro","state","microcephaly_fatal_confirmed","BR0006",NA,NA,"4","cases"
"2016-06-18","Brazil-Rondonia","state","microcephaly_fatal_confirmed","BR0006",NA,NA,"1","cases"
"2016-06-18","Brazil-Sergipe","state","microcephaly_fatal_confirmed","BR0006",NA,NA,"4","cases"
"2016-06-18","Brazil-Tocantins","state","microcephaly_fatal_confirmed","BR0006",NA,NA,"9","cases"
"2016-06-25","Brazil-Acre","state","microcephaly_confirmed","BR0002",NA,NA,"2","cases"
"2016-06-25","Brazil-Alagoas","state","microcephaly_confirmed","BR0002",NA,NA,"75","cases"
"2016-06-25","Brazil-Amapa","state","microcephaly_confirmed","BR0002",NA,NA,"7","cases"
"2016-06-25","Brazil-Amazonas","state","microcephaly_confirmed","BR0002",NA,NA,"8","cases"
"2016-06-25","Brazil-Bahia","state","microcephaly_confirmed","BR0002",NA,NA,"263","cases"
"2016-06-25","Brazil-Ceara","state","microcephaly_confirmed","BR0002",NA,NA,"124","cases"
"2016-06-25","Brazil-Distrito_Federal","state","microcephaly_confirmed","BR0002",NA,NA,"5","cases"
"2016-06-25","Brazil-Espirito_Santo","state","microcephaly_confirmed","BR0002",NA,NA,"13","cases"
"2016-06-25","Brazil-Goias","state","microcephaly_confirmed","BR0002",NA,NA,"14","cases"
"2016-06-25","Brazil-Maranhao","state","microcephaly_confirmed","BR0002",NA,NA,"131","cases"
"2016-06-25","Brazil-Mato_Grosso","state","microcephaly_confirmed","BR0002",NA,NA,"31","cases"
"2016-06-25","Brazil-Mato_Grosso_do_Sul","state","microcephaly_confirmed","BR0002",NA,NA,"4","cases"
"2016-06-25","Brazil-Minas_Gerais","state","microcephaly_confirmed","BR0002",NA,NA,"3","cases"
"2016-06-25","Brazil-Para","state","microcephaly_confirmed","BR0002",NA,NA,"1","cases"
"2016-06-25","Brazil-Paraiba","state","microcephaly_confirmed","BR0002",NA,NA,"147","cases"
"2016-06-25","Brazil-Parana","state","microcephaly_confirmed","BR0002",NA,NA,"4","cases"
"2016-06-25","Brazil-Pernambuco","state","microcephaly_confirmed","BR0002",NA,NA,"366","cases"
"2016-06-25","Brazil-Piaui","state","microcephaly_confirmed","BR0002",NA,NA,"87","cases"
"2016-06-25","Brazil-Rio_Grande_do_Norte","state","microcephaly_confirmed","BR0002",NA,NA,"113","cases"
"2016-06-25","Brazil-Rio_Grande_do_Sul","state","microcephaly_confirmed","BR0002",NA,NA,"6","cases"
"2016-06-25","Brazil-Rio_de_Janeiro","state","microcephaly_confirmed","BR0002",NA,NA,"80","cases"
"2016-06-25","Brazil-Rondonia","state","microcephaly_confirmed","BR0002",NA,NA,"5","cases"
"2016-06-25","Brazil-Roraima","state","microcephaly_confirmed","BR0002",NA,NA,"10","cases"
"2016-06-25","Brazil-Santa_Catarina","state","microcephaly_confirmed","BR0002",NA,NA,"1","cases"
"2016-06-25","Brazil-Sergipe","state","microcephaly_confirmed","BR0002",NA,NA,"111","cases"
"2016-06-25","Brazil-Sao_Paulo","state","microcephaly_confirmed","BR0002",NA,NA,"10","cases"
"2016-06-25","Brazil-Tocantins","state","microcephaly_confirmed","BR0002",NA,NA,"17","cases"
"2016-06-25","Brazil-Alagoas","state","microcephaly_fatal_confirmed","BR0006",NA,NA,"3","cases"
"2016-06-25","Brazil-Bahia","state","microcephaly_fatal_confirmed","BR0006",NA,NA,"1","cases"
"2016-06-25","Brazil-Ceara","state","microcephaly_fatal_confirmed","BR0006",NA,NA,"21","cases"
"2016-06-25","Brazil-Distrito_Federal","state","microcephaly_fatal_confirmed","BR0006",NA,NA,"1","cases"
"2016-06-25","Brazil-Espirito_Santo","state","microcephaly_fatal_confirmed","BR0006",NA,NA,"3","cases"
"2016-06-25","Brazil-Maranhao","state","microcephaly_fatal_confirmed","BR0006",NA,NA,"1","cases"
"2016-06-25","Brazil-Mato_Grosso","state","microcephaly_fatal_confirmed","BR0006",NA,NA,"2","cases"
"2016-06-25","Brazil-Paraiba","state","microcephaly_fatal_confirmed","BR0006",NA,NA,"17","cases"
"2016-06-25","Brazil-Pernambuco","state","microcephaly_fatal_confirmed","BR0006",NA,NA,"3","cases"
"2016-06-25","Brazil-Piaui","state","microcephaly_fatal_confirmed","BR0006",NA,NA,"3","cases"
"2016-06-25","Brazil-Rio_Grande_do_Norte","state","microcephaly_fatal_confirmed","BR0006",NA,NA,"13","cases"
"2016-06-25","Brazil-Rio_de_Janeiro","state","microcephaly_fatal_confirmed","BR0006",NA,NA,"5","cases"
"2016-06-25","Brazil-Rondonia","state","microcephaly_fatal_confirmed","BR0006",NA,NA,"1","cases"
"2016-06-25","Brazil-Sergipe","state","microcephaly_fatal_confirmed","BR0006",NA,NA,"4","cases"
"2016-06-25","Brazil-Tocantins","state","microcephaly_fatal_confirmed","BR0006",NA,NA,"9","cases"
"2016-07-02","Brazil-Acre","state","microcephaly_confirmed","BR0002",NA,NA,"2","cases"
"2016-07-02","Brazil-Alagoas","state","microcephaly_confirmed","BR0002",NA,NA,"77","cases"
"2016-07-02","Brazil-Amapa","state","microcephaly_confirmed","BR0002",NA,NA,"7","cases"
"2016-07-02","Brazil-Amazonas","state","microcephaly_confirmed","BR0002",NA,NA,"8","cases"
"2016-07-02","Brazil-Bahia","state","microcephaly_confirmed","BR0002",NA,NA,"265","cases"
"2016-07-02","Brazil-Ceara","state","microcephaly_confirmed","BR0002",NA,NA,"125","cases"
"2016-07-02","Brazil-Distrito_Federal","state","microcephaly_confirmed","BR0002",NA,NA,"6","cases"
"2016-07-02","Brazil-Espirito_Santo","state","microcephaly_confirmed","BR0002",NA,NA,"14","cases"
"2016-07-02","Brazil-Goias","state","microcephaly_confirmed","BR0002",NA,NA,"14","cases"
"2016-07-02","Brazil-Maranhao","state","microcephaly_confirmed","BR0002",NA,NA,"131","cases"
"2016-07-02","Brazil-Mato_Grosso","state","microcephaly_confirmed","BR0002",NA,NA,"31","cases"
"2016-07-02","Brazil-Mato_Grosso_do_Sul","state","microcephaly_confirmed","BR0002",NA,NA,"5","cases"
"2016-07-02","Brazil-Minas_Gerais","state","microcephaly_confirmed","BR0002",NA,NA,"3","cases"
"2016-07-02","Brazil-Para","state","microcephaly_confirmed","BR0002",NA,NA,"1","cases"
"2016-07-02","Brazil-Paraiba","state","microcephaly_confirmed","BR0002",NA,NA,"148","cases"
"2016-07-02","Brazil-Parana","state","microcephaly_confirmed","BR0002",NA,NA,"4","cases"
"2016-07-02","Brazil-Pernambuco","state","microcephaly_confirmed","BR0002",NA,NA,"367","cases"
"2016-07-02","Brazil-Piaui","state","microcephaly_confirmed","BR0002",NA,NA,"89","cases"
"2016-07-02","Brazil-Rio_Grande_do_Norte","state","microcephaly_confirmed","BR0002",NA,NA,"113","cases"
"2016-07-02","Brazil-Rio_Grande_do_Sul","state","microcephaly_confirmed","BR0002",NA,NA,"6","cases"
"2016-07-02","Brazil-Rio_de_Janeiro","state","microcephaly_confirmed","BR0002",NA,NA,"83","cases"
"2016-07-02","Brazil-Rondonia","state","microcephaly_confirmed","BR0002",NA,NA,"5","cases"
"2016-07-02","Brazil-Roraima","state","microcephaly_confirmed","BR0002",NA,NA,"10","cases"
"2016-07-02","Brazil-Santa_Catarina","state","microcephaly_confirmed","BR0002",NA,NA,"1","cases"
"2016-07-02","Brazil-Sergipe","state","microcephaly_confirmed","BR0002",NA,NA,"114","cases"
"2016-07-02","Brazil-Sao_Paulo","state","microcephaly_confirmed","BR0002",NA,NA,"10","cases"
"2016-07-02","Brazil-Tocantins","state","microcephaly_confirmed","BR0002",NA,NA,"17","cases"
"2016-07-02","Brazil-Alagoas","state","microcephaly_fatal_confirmed","BR0006",NA,NA,"3","cases"
"2016-07-02","Brazil-Amazonas","state","microcephaly_fatal_confirmed","BR0006",NA,NA,NA,"cases"
"2016-07-02","Brazil-Bahia","state","microcephaly_fatal_confirmed","BR0006",NA,NA,"1","cases"
"2016-07-02","Brazil-Ceara","state","microcephaly_fatal_confirmed","BR0006",NA,NA,"21","cases"
"2016-07-02","Brazil-Distrito_Federal","state","microcephaly_fatal_confirmed","BR0006",NA,NA,"1","cases"
"2016-07-02","Brazil-Espirito_Santo","state","microcephaly_fatal_confirmed","BR0006",NA,NA,"4","cases"
"2016-07-02","Brazil-Maranhao","state","microcephaly_fatal_confirmed","BR0006",NA,NA,"1","cases"
"2016-07-02","Brazil-Mato_Grosso","state","microcephaly_fatal_confirmed","BR0006",NA,NA,"2","cases"
"2016-07-02","Brazil-Mato_Grosso_do_Sul","state","microcephaly_fatal_confirmed","BR0006",NA,NA,"1","cases"
"2016-07-02","Brazil-Paraiba","state","microcephaly_fatal_confirmed","BR0006",NA,NA,"17","cases"
"2016-07-02","Brazil-Pernambuco","state","microcephaly_fatal_confirmed","BR0006",NA,NA,"3","cases"
"2016-07-02","Brazil-Piaui","state","microcephaly_fatal_confirmed","BR0006",NA,NA,"3","cases"
"2016-07-02","Brazil-Rio_Grande_do_Norte","state","microcephaly_fatal_confirmed","BR0006",NA,NA,"13","cases"
"2016-07-02","Brazil-Rio_de_Janeiro","state","microcephaly_fatal_confirmed","BR0006",NA,NA,"6","cases"
"2016-07-02","Brazil-Rondonia","state","microcephaly_fatal_confirmed","BR0006",NA,NA,"2","cases"
"2016-07-02","Brazil-Sergipe","state","microcephaly_fatal_confirmed","BR0006",NA,NA,"5","cases"
"2016-07-02","Brazil-Tocantins","state","microcephaly_fatal_confirmed","BR0006",NA,NA,"9","cases"
